"Bahan Baku,Satuan,Harga/Unit,Stok Saat Ini,Gizi (per 100g),Status"
"Anggur,Krat,305000.0,8.0,,"
"Anggur,Unspecified,305000.0,18.0,,"
"Anggur Hitam,Unspecified,400000.0,8.0,,"
"Anggur Merah,Krat,294285.71428571426,144.0,,"
"Anggur Merah,Unspecified,305000.0,9.0,,"
"Anggur Muscat,Krat,350000.0,8.0,,"
"Anggur Muscat New,Krat,350000.0,25.0,,"
"Anggur Muscat Promo,Krat,250000.0,4.0,,"
"Anggur Muskat,Krat,380000.0,9.5,,"
"Anggur Muskat,Unspecified,380000.0,9.5,,"
"Apel,Dus,570000.0,5.0,,"
"Apel,Karton,585000.0,2.0,,"
"Apel Fuji,Dus,490000.0,22.0,,"
"Apel Fuji,Karton,585000.0,25.0,,"
"Apel Fuji,Unspecified,585000.0,25.0,,"
"Ardan Boy,Karton,148000.0,5.0,,"
"Asam Jawa,Kepal,12000.0,1.0,,"
"Asam Jawa,Kg,22500.0,1.2,,"
"Asam Jawa,Unspecified,25000.0,0.7,,"
"Asem,Kepal,12000.0,1.0,,"
"Asem Jawa,Kepal,12000.0,1.0,,"
"Ayam Dada,Kg,40000.0,10.0,,"
"Ayam Filed,Kg,48000.0,100.0,,"
"Ayam Filet,Kg,46500.0,1200.5,,"
"Ayam Fillet,Kg,46333.333333333336,2520.1,,"
"Ayam Potong,Kg,37843.75,1342.34,,"
"Ayam Potong,Pcs,36650.0,4.5,,"
"Ayam Slince,Kg,45000.0,30.0,,"
"Bakso Premium,Kg,60000.0,106.0,,"
"Bawang Bombai,Kg,35000.0,5.0,,"
"Bawang Bombay,Kg,36857.142857142855,34.0,,"
"Bawang Goreng,Toples,,6.0,,"
"Bawang Merah,Kg,38714.28571428572,21.8,,"
"Bawang Merah Goreng,Kg,40000.0,1.0,,"
"Bawang Merah Goreng,Toples,38000.0,8.0,,"
"Bawang Merah Kupas,Kg,37833.333333333336,19.0,,"
"Bawang Putih,Kg,34857.142857142855,16.0,,"
"Bawang Putih Bubuk,Kg,120000.0,1.0,,"
"Bawang Putih Bubuk,Renceng,11000.0,2.0,,"
"Bawang Putih Kupas,Kg,40545.454545454544,45.9,,"
"Beras 64 25kg,Sak,365000.0,8.0,,"
"Beras Bintang,Sak,385000.0,1.0,,"
"Beras Bintang 25 Kg,Sak,380000.0,26.0,,"
"Beras Bintang 25kg,Sak,385000.0,20.0,,"
"Beras Buntang 25kg,Sak,385000.0,1.0,,"
"Beras Pak Tani 25 Kg,Sak,370000.0,22.0,,"
"Beras Pak Tani 25kg,Sak,370000.0,26.0,,"
"Beras Premium,Sak,385500.0,10.0,,"
"Besai,Kg,8500.0,65.0,,"
"Bihun,Bal,80000.0,15.0,,"
"Bihun Jagung,Bal,80000.0,15.0,,"
"Bihun Kuda Menjangan,Bal,80000.0,12.0,,"
"Biskuit,Karton,135000.0,2.0,,"
"Biskuit Kelapa,Karton,135000.0,1.0,,"
"Bomboe Rendang,Pcs,14000.0,30.0,,"
"Bombai,Kg,38000.0,3.0,,"
"Brambang,Kg,34000.0,4.0,,"
"Brambang Goreng,Toples,36000.0,2.0,,"
"Brokoli,Kg,31000.0,109.8,,"
"Brownis Lki,Pcs,17000.0,626.0,,"
"Buah Anggur Muscat,Krat,,4.0,,"
"Buah Jeruk Manis,Kg,21000.0,289.0,,"
"Buah Pir,Krat,,20.0,,"
"Bubuk Parsley,Btl,26000.0,2.0,,"
"Bumbu Kari,Botol,20000.0,4.0,,"
"Bumbu Pecel,Kg,55000.0,1.0,,"
"Bumbu Rendang Instan,Box,172000.0,1.0,,"
"Bumbu Soto,Karton,172000.0,2.0,,"
"Buncis,Kg,13500.0,60.0,,"
"Bunga Kol,Kg,18000.0,10.0,,"
"Bunga Lawang,Pack,35000.0,1.0,,"
"Cabe Besar,Kg,59333.333333333336,13.0,,"
"Cabe Hijau Besar,Kg,58000.0,2.0,,"
"Cabe Kriting,Kg,24000.0,2.0,,"
"Cabe Merah Besar,Kg,56750.0,13.9,,"
"Cakra Kembang,Kg,15000.0,4.0,,"
"Cengkeh,Renteng,35000.0,2.0,,"
"Coco Krunch,Pcs,,1110.0,,"
"Creamchees,Balok,22500.0,1.0,,"
"Cuka,Botol,4000.0,10.0,,"
"Cup,Pcs,500.0,1770.0,,"
"Daging Sapi,Kg,131000.0,183.6,,"
"Daging Sapi Slince,Kg,35000.0,5.0,,"
"Daging Slince,Kg,110000.0,105.0,,"
"Daun Bawang,Kg,19125.0,20.4,,"
"Daun Jeruk,Kg,30000.0,1.0,,"
"Daun Jeruk,Kresek,10000.0,1.0,,"
"Daun Salam,Kresek,10000.0,1.0,,"
"Delmonte Bbq,Pcs,30000.0,2.0,,"
"Delmonte Bolongnes,Pouch,28000.0,3.0,,"
"Delmonte Pedas,Dus,285000.0,1.0,,"
"Delmonte Pedas,Pcs,28000.0,8.0,,"
"Delmonte Pedas,Pouch,29000.0,3.0,,"
"Delmonte Pedas Sachet,,,,,"
"Delmonte Saus Bbq,Kg,35000.0,1.0,,"
"Delmonte Saus Sambal,Bungkus,29500.0,2.0,,"
"Delmonte Saus Sambal,Dus,160000.0,1.0,,"
"Delmonte Saus Tomat,Bungkus,28500.0,2.0,,"
"Delmonte Saus Tomat,Dus,155000.0,1.0,,"
"Delmonte Saus Tomat,Pcs,19500.0,2.0,,"
"Delmonte Saus Tomat,Pouch,28000.0,3.0,,"
"Delmonte Tomat,Dus,275000.0,1.0,,"
"Delmonte Tomat,Liter,28000.0,2.0,,"
"Delmonte Tomat,Pcs Besar,28000.0,9.0,,"
"Delmonte Tomat,Pouch,7500.0,11.0,,"
"Delmonte Tomat Sachet,,,,,"
"Desaku Ketumbar,Renteng,12500.0,2.0,,"
"Desaku Kunyit,Renteng,12500.0,2.0,,"
"Desaku Merica,Renteng,12500.0,2.0,,"
"Garam Halus,Pac,50000.0,1.0,,"
"Garam Halus,Pcs,2000.0,10.0,,"
"Garam Kapal,Bal,35000.0,1.0,,"
"Garam Kotak,Pac,7000.0,6.0,,"
"Good Time,Karton,230000.0,4.0,,"
"Gubis,Kg,9000.0,40.5,,"
"Gula Merah,Kg,28000.0,6.0,,"
"Gula Putih,Bal,78000.0,2.0,,"
"Gula Rose Breand,Kg,18000.0,2.0,,"
"Indomilk,Karton,240000.0,4.0,,"
"Indomie Goreng,Karton,118000.0,16.0,,"
"Jagung,Kg,10500.0,40.8,,"
"Jagung Manis,Kg,12000.0,222.2,,"
"Jahe,Kg,26100.0,4.5,,"
"Jamur Kuping,Kg,30000.0,30.0,,"
"Jamur Tiram,Kg,23000.0,30.1,,"
"Jeruk,Buah,,5.0,,"
"Jeruk,Kg,21000.0,696.6,,"
"Jeruk Manis,Kg,22000.0,651.7,,"
"Jeruk Santang,Krat,165000.0,1.0,,"
"Jinten,Kg,45000.0,0.25,,"
"Kacang Ijo,Kg,28000.0,1.0,,"
"Kacang Polong,Kg,72500.0,6.5,,"
"Kacang Tanah,Kg,44000.0,70.1,,"
"Kaldu Jamur,Pcs,43333.333333333336,7.0,,"
"Kaldu Jamur Totole,Pcs,58000.0,18.0,,"
"Kancang Panjang,Kg,10000.0,20.0,,"
"Kapur Sirih,Bks,2500.0,2.0,,"
"Kapulaga,Renteng,32000.0,2.0,,"
"Kara,Dus,252000.0,2.0,,"
"Kayu Manis,Renteng,32000.0,2.0,,"
"Kecap Asin,Btl Bsr,29000.0,3.0,,"
"Kecap Bango,Btl Bsr,27000.0,2.0,,"
"Kecap Bango,Pouch,45750.0,50.0,,"
"Kecap Extra,Botol,31200.0,30.0,,"
"Kecap Extra,Botol Besar,38000.0,5.0,,"
"Kecap Ikan,Botol,58000.0,2.0,,"
"Kecap Inggris,Botol,43250.0,8.0,,"
"Kecap Kuda,Botol,38000.0,2.0,,"
"Kecap Manis,Botol,38000.0,1.0,,"
"Kecap Manis Extra 1 Liter,Botol,38000.0,3.0,,"
"Kecap Sawi,Botol,23125.0,8.0,,"
"Keju Slince,,,,,"
"Kelengkeng,Krat,463333.3333333333,23.0,,"
"Kembang Kol,Kg,25000.0,42.9,,"
"Kembang Kol,Ons,9500.0,5.95,,"
"Kemiri,Kg,45000.0,3.0,,"
"Kencur,Kg,52000.0,0.5,,"
"Kentang,Kg,15700.0,170.1,,"
"Kentang Frozen,Kg,37500.0,59.0,,"
"Kentuky,Pcs,5000.0,102.0,,"
"Ketumbar Bubuk,Dus,"